,coeffMax,coeffDiff,coeffMax_trans,coeffDiff_trans
0,0.9371982865983305,0.8765700764312833,0.9529290026109339,0.9245539574424427
1,0.8336288458154186,0.7304425264623083,0.3809384022374095,0.5616368848949986
2,0.6352028334664069,0.27507226538732416,-0.6489772431459667,-0.7598949672493227
3,0.6209175651732224,0.24236865025430954,-0.719451403217743,-0.8742714543157447
4,0.9546751464794851,0.9098981294617878,1.051584544458456,1.0046773822592203
5,0.8514988741183238,0.7036948014890441,0.4780447652088549,0.4929175658998663
6,0.9993195045861292,0.9990899792823317,1.3062874825936062,1.2148702300961094
7,0.9995038303178702,0.9993357845276867,1.3073469867246288,1.2154414589493097
8,0.960871211816745,0.9224425465229471,1.0867043457839478,1.0346043466582022
9,0.9891765605928069,0.98040762537207,1.2480851807756683,1.171328807758035
10,0.9977463571838612,0.9969879603790425,1.2972476495300338,1.209983594225786
11,0.9992281931484965,0.9989692993051497,1.3057626483499276,1.2145897653438127
12,0.81109682260134,0.623299173580055,0.2594726039236216,0.2814158332280021
13,0.9989313298866548,0.9985711332245938,1.3040564650635418,1.21366433991533
14,0.9980551246124936,0.9974060028530589,1.299021561211817,1.210955679922156
15,0.9967564235670993,0.9956661110219098,1.2915615615442573,1.206909050249222
16,0.9985279316371951,0.9980230138870211,1.301738253034603,1.2123902076718605
17,0.998348290457187,0.9977927520670773,1.3007060067380705,1.2118548888555658
18,0.7469998362028565,0.49546411363870424,-0.07994645496494845,-0.07291710414681563
19,0.8359665937339095,0.672472222197597,0.39360321585095154,0.4116938348625855
20,0.9992696679448039,0.9990249388803316,1.306001032667767,1.2147190750570205
21,0.8822951478277784,0.7661117626547048,0.6469664210834747,0.6521056560499942
22,0.9961883311954683,0.99488772934429,1.2882993298264966,1.2050980029316363
23,0.8536163233268075,0.7084237512381769,0.48959582918633765,0.505123711547419
24,0.998696564345985,0.9982577821361868,1.3027072985327555,1.2129359647145694
25,0.9923454364560168,0.9897544313099638,1.2662478526417116,1.1931436969763798
26,0.8966894032802344,0.7944551736109743,0.726592770937426,0.7230881209990732
27,0.9615971235328351,0.9247591297767463,1.0908237595637744,1.0401174768404524
28,0.7298496563704099,0.5606421048007816,-0.1691824971161322,0.11080635243307264
29,0.5667099659602501,0.13400224449389492,-0.9819693529867946,-1.293787992874608
30,0.9968287330131173,0.9957415986551127,1.2919768375029197,1.2070846632602577
31,0.9970051737005985,0.9959885464915316,1.2929901848232424,1.2076591299477617
32,0.8410254433348884,0.6847444132169402,0.42104955162189084,0.44375242867079057
33,0.9787204562692556,0.9715888214855827,1.1882911053614336,1.1506885264654838
34,0.9967959487581547,0.9957074219148729,1.2917885550244508,1.2070051556327712
35,0.9530318349478116,0.9086181150852527,1.0422826764013158,1.0016166873492587
36,0.8534612152686684,0.7132714199463103,0.48874936670151825,0.5176107483572203
37,0.5633844451104871,0.12778977458103208,-0.9978145139380284,-1.3204789618879806
38,0.5042503485678052,0.17418220865157075,-1.2743191407780208,-1.1292900980948544
39,0.6281591070454995,0.2580465075120556,-0.6837922838695328,-0.818893813950294
40,0.7398251167517786,0.48296304110790583,-0.1173609758442445,-0.10896977908891718
41,0.998832817721898,0.9984413414496291,1.3034903159699374,1.2133626512139706
42,0.8650370392663015,0.7318136144294761,0.5520600896268195,0.5651387392002035
43,0.6131545576334542,0.22783098805432161,-0.7575266489642901,-0.9265975957023374
44,0.6570450628005526,0.3154633239143026,-0.5402126749423733,-0.6241582953333233
45,0.8383279300054595,0.6786097311460587,0.4064076543603172,0.4277487332847964
46,0.9978368054586262,0.997109501223705,1.2977672687059274,1.2102662292074113
47,0.9967138268569775,0.9956115743111025,1.291316931621613,1.2067821745657947
48,0.983408018335786,0.9684718171786278,1.2150714517232832,1.1433796922809447
49,0.9173365984210283,0.8360344508884681,0.8415442840700905,0.8258495729971609
50,0.652522309946011,0.33494361261681543,-0.5628330592880073,-0.5605929403157892
51,0.920071192983965,0.8419601686855087,0.8568332640958669,0.8403675271443601
52,0.7532665790555347,0.5110787164486754,-0.04716991268064819,-0.02826892765907467
53,0.9964184410478397,0.9952152556603152,1.2896206462399986,1.2058601049834992
54,0.73502166792754,0.4722928273645807,-0.1423433026873833,-0.13996601768939826
55,0.8725685560765984,0.7465604985014751,0.5934017693077184,0.6026789346890941
56,0.8907768662645735,0.7833097536793893,0.6938344261008272,0.6952686786075665
57,0.9468109900074253,0.8954693931748856,1.0071177860433158,0.9701003220068868
58,0.6089360309669041,0.28402277302896284,-0.7781509830918727,-0.7293234784975737
59,0.8691212564346465,0.7723791344197442,0.5744643677624024,0.6678689171806494
60,0.9978814445066728,0.9971666255110535,1.2980237227067288,1.2103990642609164
61,0.6665406351246878,0.33538126042888927,-0.4925543255297581,-0.5591779160680115
62,0.9977300074838792,0.9969625719264357,1.2971537232714292,1.20992455378796
63,0.8262708268906052,0.6545344422089241,0.34115246709792035,0.36451476141303957
64,0.5938018314710488,0.23384928809822503,-0.8517539803184563,-0.9048166738425018
65,0.5556249859679697,0.19864688314737805,-1.0346663700024625,-1.0348134482242932
66,0.6479036716820915,0.29693620987070174,-0.5858798352888753,-0.6857240309241415
67,0.7537150741930533,0.5086429012026925,-0.04482072672571135,-0.03520642024365499
68,0.9986023769955261,0.9981280024563703,1.3021660456056805,1.2126342755024473
69,0.8513640150362733,0.7040949700592604,0.47730940461754506,0.49395142082899757
70,0.5018446476718027,0.00506033962666691,-1.2853515975430891,-2.029806648181535
71,0.9857143102858402,0.9725635707223275,1.2282628823353785,1.1529726885802438
72,0.9054246876300833,0.8123758396365176,0.7751206190364867,0.7675729074722168
73,0.8409353458859868,0.6830499309633882,0.42056025979405154,0.43933633985747117
74,0.9979134402764253,0.9972132506223665,1.298207542639774,1.2105074831495948
75,0.5231108269796453,0.048032125727857145,-1.187229462478556,-1.7126338959947418
76,0.5570489582015616,0.1151328105880462,-1.0279161344858598,-1.3761094421380697
77,0.5322975343162089,0.0657859317140212,-1.1444311688476074,-1.6143603544299165
78,0.5153905191671647,0.032414645217654026,-1.2230056533876783,-1.8087298608587243
79,0.6311474105078047,0.264682578790683,-0.6690375921471748,-0.79576210986631
80,0.9390739735896572,0.8792976356424641,0.9634883395018669,0.9311454282723067
81,0.9965980149951311,0.995448952301479,1.2906518495993011,1.206403833836985
82,0.8120244572146744,0.6931525500292666,0.2644516309853887,0.4656167184018275
83,0.8852904164301238,0.7725069513816134,0.66350072446886,0.6681899903367873
84,0.8219465265291673,0.679662936313558,0.31782457106451956,0.4304993552817494
85,0.8743379031315369,0.7506898037622449,0.603131072625721,0.6131503370585578
86,0.47201175096919334,0.006214971300019856,-1.4207014385618972,-2.016961452239389
87,0.7613218597796864,0.5821833129267251,-0.004907012372461188,0.17008168894680695
88,0.7678653459947005,0.5376663122993411,0.029532625854165252,0.046819097689401776
89,0.7616162617162803,0.6080226042850624,-0.0033596028901705793,0.24031680951198636
90,0.9969828539588368,0.995956134572645,1.2928619931571823,1.207583733614462
91,0.9361385009395533,0.8744788490211136,0.9469659229473134,0.9194960578796556
92,0.5898140667795942,0.1815657396980075,-0.8710460147111343,-1.1003769122566884
93,0.9976788108247032,0.9968990182294069,1.2968596104068613,1.2097767586955461
94,0.9977287940478398,0.9969555988277068,1.2971467523069873,1.2099083378795563
95,0.9963284475130416,0.9950849135685161,1.2891038813804268,1.2055568285891907
96,0.9973472420208933,0.9964502172972324,1.2949549451919835,1.2087329841814956
97,0.9973890443392924,0.99648709603818,1.29519506312862,1.208818758278963
98,0.669716825382244,0.3415004562410698,-0.4765629245917419,-0.539451065389425
99,0.6200868015402969,0.3114861542343006,-0.7235335741421193,-0.6372802198310642
100,0.9175182454599073,0.8373035701670424,0.8425593991107021,0.8289615144650531
101,0.6459826446374094,0.46677038089717415,-0.5954497822242182,-0.1560913804186209
102,0.6043826905156242,0.3030246633403468,-0.8003595203523974,-0.6653672379020045
103,0.8494886366473595,0.7012708520838774,0.46708730126082243,0.48665137083025156
104,0.8696561803979963,0.7408405704565679,0.5774013028481805,0.5881449343261959
105,0.7888172062358764,0.6485573319252261,0.1404540977387522,0.3487075556044801
106,0.5326318674700912,0.06612189489300985,-1.14286899121827,-1.6125846469488658
107,0.45374268361085834,0.13012077110149795,-1.5022187426496794,-1.310419166027559
108,0.4517171713112038,0.05482714149317047,-1.5111911157759792,-1.6739034006938562
109,0.9972905681161219,0.9963792048729699,1.2946294082226413,1.2085678178516237
110,0.6276113961048252,0.3097385981298746,-0.686494096212264,-0.6430619522747109
111,0.449753707077303,0.03401167455641846,-1.5198760110650364,-1.7983431409330903
112,0.8523594317407981,0.7062103239573959,0.48273812234276053,0.4994135922828132
113,0.5568591593779928,0.24018861278319414,-1.0288161900955177,-0.8820563957345885
114,0.7642807026750656,0.53185810237509,0.010653940860047183,0.030513359734553276
115,0.36438974463596446,0.004835569789645278,-1.8848666080206171,-2.032406108756238
116,0.741884867094569,0.589988551238922,-0.10663201155844305,0.19139506951280125
117,0.9290451147025734,0.8597304852355112,0.9071109293378989,0.8837207356848624
118,0.8417014763039513,0.6854169592821213,0.42472143102935195,0.4455042739960528
119,0.9562298657036461,0.9136344454638894,1.0603897919093124,1.013604005901767
120,0.9987159274571193,0.99828483769331,1.3028185718253074,1.212998857271214
121,0.8018787967251937,0.6092169404989258,0.2100973854495114,0.243541129540405
122,0.5470434617283191,0.09461657610220747,-1.0752256509193632,-1.4704188388931045
123,0.7211871275257263,0.49222970660628684,-0.21399492702485745,-0.08221838815702592
124,0.9524604817366974,0.9224565995698424,1.039049800854106,1.034637803469453
125,0.7180055036700478,0.5212525424341252,-0.23040959333391658,0.0006000559673808946
126,0.9983029920189712,0.99772882954707,1.3004457244791405,1.2117062734545123
127,0.9881175403433754,0.9775981833979487,1.2420195827838967,1.1647594654652789
128,0.739032757171898,0.5186218348950059,-0.12148565583306636,-0.00684831513367625
129,0.6328606244488261,0.44000438186831264,-0.6605682525445876,-0.23508265471492018
130,0.3987382995861868,0.06597305388858482,-1.7410485810961354,-1.6133709972642776
131,0.8482085699376483,0.6971402051318856,0.46011431753966214,0.4759580508033331
132,0.3910034081548087,0.00766450453481371,-1.773804361062917,-2.0018169487425976
133,0.48884107325453696,0.09958693492008164,-1.3446831056261315,-1.4470465767288154
134,0.9969069816441236,0.995869232773288,1.292426233597077,1.2073815797184384
135,0.9991695344089058,0.9988894404831701,1.305425501591923,1.2144041648416344
136,0.8667648986154994,0.7342057250078077,0.5615341535377519,0.5712436116693472
137,0.8730977758854604,0.7664300777510473,0.5963111687696762,0.6529071976251641
138,0.9547017845672031,0.910009873806646,1.051735371199984,1.004944516948953
139,0.6758528797270811,0.3766515793702284,-0.4455986268069333,-0.42812471569927324
140,0.6238074249920809,0.42373121426905624,-0.7052373434899184,-0.28381727176159666
141,0.6581946548785145,0.4861024904587272,-0.5344548478845588,-0.0998894492114523
142,0.5570553305690192,0.2735878842867979,-1.0278859139751624,-0.7649939185907224
143,0.9981316675780656,0.9975038740997068,1.2994613390900924,1.2111832448362212
144,0.852563377106157,0.7062522423942508,0.48385063953271007,0.49952178215978965
145,0.9989696487602867,0.9986222681381197,1.3042766884691548,1.2137831949286584
146,0.5335466941730335,0.23848154043622583,-1.1385927982615636,-0.888167293108911
147,0.5184782469780105,0.12381328878602543,-1.2087180155095976,-1.3377692663060365
148,0.4924986250614774,0.21029326831639533,-1.328046630119706,-0.9910875847077448
149,0.8828176002059785,0.7667781590035718,0.6498491038644542,0.6537835774529084
150,0.6832032690696228,0.4206973690009685,-0.4083845539837268,-0.29296508431397356
151,0.4509229643409432,0.06240594403368588,-1.5147055915625391,-1.6323808307994065
152,0.8459090111907656,0.692388193927538,0.4475964904216058,0.46363243383994124
153,0.4068877528409447,0.13493362334723757,-1.7063103731975842,-1.2898190402539162
154,0.959412639717724,0.9454709657686411,1.0784303164106175,1.0892247362090821
155,0.5498980425436956,0.2472734166063773,-1.061756972204933,-0.8568333864114769
156,0.5372920441487007,0.07524113954261391,-1.1210607019593384,-1.5653709582801287
157,0.6229210644533153,0.29844408732567745,-0.7095993031742515,-0.6806707677216347
158,0.9988995023286742,0.9985303734320027,1.3038735501816154,1.21356959891065
159,0.713361252739718,0.5621037608127525,-0.2543273114495953,0.11484993613973327
160,0.5211516498876454,0.049555445397781894,-1.196324918074234,-1.7038144025395408
161,0.3774806243482177,0.005455290856829609,-1.8305585223822023,-2.0253218884540787
162,0.4723465884591935,0.02705945750207417,-1.4191975466992948,-1.8447603699198563
163,0.6519817540329171,0.44521544689056924,-0.5655331877327325,-0.21959245551213408
164,0.41758339158614155,0.06897513541734712,-1.660370647886361,-1.597612156622084
165,0.6544623662081485,0.3713086086712353,-0.5531362347590859,-0.44483697344843154
166,0.7627115774234461,0.5270631936854955,0.002399226642799529,0.017011724457988257
167,0.5946829330519955,0.22379491743169944,-0.8474856187180623,-0.9413020703412628
168,0.36052375246039,0.020857956439587433,-1.9007834684362355,-1.889326892445705
169,0.7506458745410254,0.5491862963881706,-0.06088777275040714,0.07900326190788293
170,0.45336813450510755,0.09810372917491283,-1.5038788706271677,-1.4539834011736652
171,0.7878404349823579,0.6315102173624207,0.135261190450511,0.30338026623587433
172,0.7142027281580091,0.428942298408169,-0.24999753417737108,-0.2681505951401433
173,0.6790913386713511,0.3588037440740092,-0.42921905007208383,-0.48423814845669455
174,0.710847515116925,0.46894180699935095,-0.26725163470741653,-0.14974404338499278
175,0.6795655089596948,0.36145885353870766,-0.42681861658770054,-0.4758379807534823
176,0.7345533580374605,0.47006419124360055,-0.14477607562618305,-0.1464666649357835
177,0.998952265301744,0.9986017425055187,1.3041767831933326,1.2137354865653356
178,0.6975528860211652,0.3958703483782409,-0.3353548936733139,-0.3685925241790142
179,0.9898830845716557,0.9803517203628334,1.2521330250041747,1.1711981401383456
180,0.6311885220834672,0.2630012499184586,-0.6688344439551951,-0.8016060575996643
181,0.7914408809996614,0.6728461695744283,0.15441307410341626,0.4126732946613321
182,0.5010520443927896,0.12007879648507896,-1.288982642406794,-1.3541608579572846
183,0.9119698876488426,0.8245415734663932,0.8115828716881833,0.7976030964809574
184,0.8228766479462439,0.7247053666915971,0.32283880887899025,0.5469621617680314
185,0.5558176621300028,0.1122374361186888,-1.033753335445873,-1.3890902599065926
186,0.823664574388549,0.6480178175292453,0.3270879399229588,0.34727858096939795
187,0.903024870216942,0.81224091002006,0.7617733023117373,0.7672390848142683
188,0.9986337748117945,0.9981727291172707,1.3023464730633874,1.2127382495984105
189,0.7525713630978893,0.5394339646194986,-0.05081049542771289,0.05177094795734459
190,0.46488456316016696,0.19954291745288982,-1.452629041833257,-1.0314223013234844
191,0.9867216413569954,0.9822296469275063,1.2340277600669354,1.1755862141066389
192,0.4900962518461998,0.1265967752674127,-1.3389784905459432,-1.325648983604021
193,0.9547857759772505,0.9105708397868069,1.0522109455844915,1.0062854056738388
194,0.4127113638757978,0.11897211362325905,-1.6813455165337075,-1.359047820831327
195,0.8935775229481171,0.7878359707841163,0.7093425449592308,0.7065806464109669
196,0.999077885792219,0.9987666329547371,1.3048987553716274,1.2141187381668628
197,0.6602944162068053,0.3215706726691359,-0.5239294791538069,-0.6041051486866643
198,0.606917410245761,0.3783732397396856,-0.7880034031638226,-0.42275484010185505
199,0.33436759652136433,0.06926666128507869,-2.006978623500624,-1.596093012632642
200,0.9986348317579659,0.9981747389023444,1.3023525468338852,1.2127429216240644
201,0.39530521383450146,0.06666262661796896,-1.7556130881407652,-1.6097323670081716
202,0.6774522965627244,0.3860777640391247,-0.4375122669191962,-0.3988141699400909
203,0.9506972976594659,0.9027818989917012,1.0290772376908508,0.98764491082162
204,0.5645916232913901,0.1856108316904182,-0.9920662010951127,-1.0846877470287033
205,0.9989724027518674,0.9986252401711725,1.3042925161135888,1.2137901028925262
206,0.42612867120291686,0.18166856926295566,-1.6233873903155072,-1.0999767802710947
207,0.4875247006995094,0.0976399307933512,-1.3506606637916718,-1.4561590389281607
208,0.838769473708136,0.6789506500626952,0.4088032605173974,0.4286392414062817
209,0.8454005432501108,0.6918299402396096,0.4448301156330381,0.4621827770147081
210,0.7975552932257844,0.595695661604057,0.18700319645329502,0.20692526711714995
211,0.43062659871868225,0.1384846664822345,-1.6038221812129994,-1.2747619980085134
212,0.8873304926883662,0.7754878435638655,0.6747727770489208,0.6756733728869904
213,0.5214888815163216,0.1841766888768867,-1.1947601246158044,-1.090238226329505
214,0.9989751744304779,0.9986302186683995,1.304308445422798,1.2138016745126798
215,0.47178925633128416,0.1196631105290713,-1.4217005587450116,-1.3559948680072735
216,0.8465279342386531,0.7372503836663188,0.45096454645246997,0.5790051533073092
217,0.6147068540972039,0.2635493648237958,-0.7499257128154018,-0.7996996872795524
218,0.9058162951498907,0.8131744060044048,0.7772997693647674,0.7695482577948303
219,0.6967474843501175,0.394282990477678,-0.3394670343078698,-0.37347590681930526
220,0.9318206241569938,0.864735795946986,0.9226935640053249,0.8958828378404745
221,0.5594648030962059,0.17981462583100127,-1.0164510135982563,-1.1072014331470443
222,0.7959612460853065,0.593731816111121,0.1784988968870697,0.20158634490516963
223,0.9252062299069235,0.8515171173437658,0.8855833871473141,0.8637170695440903
224,0.999091272605059,0.9987837792644625,1.3049756944729425,1.2141585898965608
225,0.6600542062217252,0.4587119947145505,-0.5251341263009189,-0.17972552519936832
226,0.941818673722447,0.8853008414637842,0.9789523659780948,0.9456311593361441
227,0.836926485892541,0.6746033868142297,0.39880683524528415,0.41727367567207924
228,0.5888157745827314,0.24438754483427266,-0.8758688583184404,-0.8670808161937938
229,0.9987137937541074,0.9982807257262121,1.3028063101163492,1.2129892987459912
230,0.9636113201051335,0.9289279945937441,1.1022593068680828,1.0500282625059738
231,0.48926329363397125,0.1589025049620486,-1.3427647089641472,-1.1903332663563204
232,0.9991018175498884,0.9988019824219453,1.3050363005174994,1.2142008977425254
233,0.7027744547113409,0.40615565599608566,-0.3086572766335358,-0.33709259159472327
234,0.9989630481122955,0.9986123234513741,1.304238753513493,1.213760080222392
235,0.9841371717970452,0.9690352130282491,1.2192409336017052,1.144701283698685
236,0.4070998480426106,0.04244183170693039,-1.7054032072565786,-1.7457566691978756
237,0.9979411746391007,0.9972526968788871,1.2983668817938705,1.2105992076168788
238,0.5099183694204904,0.2449924048652955,-1.2482573855739028,-0.8649300043660552
239,0.9983023749912519,0.9977339155558467,1.3004421790996556,1.2117180981756204
240,0.48158465423220265,0.1794186898250354,-1.377567856392056,-1.1087472730881953
241,0.6891872145052195,0.4670468240230421,-0.3779911251456823,-0.15528280913372933
242,0.7040696910437113,0.5471247632520281,-0.3020246717161631,0.07325892488833209
243,0.8042078293665357,0.6090901180821786,0.22255502087220405,0.24319884093383895
244,0.5111958309698007,0.0232984045400777,-1.2423703627710294,-1.8713662940308933
245,0.9984836672887129,0.9979740983880346,1.301483897497116,1.212276490739793
246,0.7900651343427697,0.5813058854731485,0.1470916618577898,0.16768035640202872
247,0.3951746462369518,0.026190946531412074,-1.756166188772453,-1.8507992947427327
248,0.5664670291541136,0.2825352342224124,-0.9831279159668114,-0.7343839286297453
249,0.8414427044754998,0.7702423734026607,0.42331579475672754,0.6624990429609549
250,0.7964066462242285,0.6536956807540824,0.18087455927625068,0.3622991937789058
251,0.5992393615592378,0.4037011956325957,-0.8253795365371043,-0.34458753253964053
252,0.9986797435870824,0.9982375708379042,1.3026106358602103,1.2128889817855466
253,0.7046449020280581,0.48765283512302204,-0.2990778617330216,-0.09541187998636289
254,0.6996062633876216,0.46206352899536574,-0.32486389505169605,-0.1698808102584939
255,0.7145566488011141,0.42978628841308475,-0.24817594844252452,-0.26561864007151453
256,0.7772186232706728,0.6239265107892138,0.07892848883987161,0.2830970254747296
257,0.5162385338480178,0.09903176530062208,-1.2190844889033061,-1.4496393748868053
258,0.55144938766954,0.33694419769911804,-1.054427648605699,-0.5541291000597951
259,0.7444991644563617,0.49016392100745915,-0.09300036888631939,-0.0881687003702057
260,0.471579270078941,0.08798400040626975,-1.422643367393461,-1.5021950889707376
261,0.5524686128873445,0.16982188902030593,-1.0496086283551314,-1.1465385407323239
262,0.9714446526722434,0.9436323951568708,1.146807532266137,1.0848787770989703
263,0.9988209288071299,0.9984238906820236,1.30342199165731,1.213322087651496
264,0.9891730489038397,0.9855464926273673,1.2480650638477893,1.1833303611715258
265,0.9122674891303683,0.8257064971575335,0.8132428133836711,0.8004715695110218
266,0.9612789142132113,0.9233560432930924,1.0890178549544651,1.0367788349786953
267,0.6191765057007723,0.35426678011126655,-0.7280044814735677,-0.49863571965097025
268,0.7354453224629119,0.6330424874106529,-0.14014206569053114,0.3074694838842005
269,0.9989681595779082,0.9986211092251861,1.304268129898068,1.213780501239344
270,0.9989332319564933,0.9985741418803886,1.30406739643354,1.2136713331104876
271,0.8312064667732784,0.6818028131308862,0.3678274186532815,0.43608403751391
272,0.998048638737193,0.9973959859895043,1.298984297102378,1.2109323888735357
273,0.7834212986947698,0.5683645352466172,0.11179378156571383,0.13213417138180536
274,0.9987702511203951,0.9983547473012054,1.3031307554511313,1.2131613647147288
275,0.46085931932934976,0.09655541857796146,-1.4705900171964248,-1.4612586281014501
276,0.6503964930003875,0.3696916277690283,-0.5734474699846629,-0.44990902143397754
277,0.32745844228717697,0.03917374909244692,-2.03458508116606,-1.765730009066982
278,0.9982957884646629,0.9977192290298438,1.300404333622388,1.2116839526728789
279,0.7156835112936727,0.43243297125902025,-0.24237414989608402,-0.2576883657156049
280,0.6606135584682493,0.4239961971829902,-0.5223287655507655,-0.28301922301074733
281,0.918301352896578,0.8602890896584225,0.8469364681035558,0.8850791139733442
282,0.5820596278170733,0.2647869864082754,-0.9084375941768548,-0.7953995815072512
283,0.9399019781585602,0.8806473072887903,0.9681518694422077,0.9344047835243411
284,0.9668167215070463,0.9344849113772508,1.1204741046363724,1.0632180320604045
285,0.40033086920927996,0.08520742865231645,-1.7342782286113474,-1.5157109900730186
286,0.8279325813473655,0.6598946472763929,0.3501276777274252,0.3786534051905443
287,0.4487894714540641,0.027472556176035945,-1.5241365057666694,-1.8419086317608677
288,0.7975189946795751,0.5959037526599779,0.18680948011843174,0.20749067268887447
289,0.9629324975444906,0.9273625160260104,1.0984044304686194,1.0463081762645856
290,0.9942474224809134,0.9922973114700953,1.2771584125138606,1.1990678343230654
291,0.5956263239053927,0.19177499310638524,-0.8429131993076145,-1.0609768057304725
292,0.5570357972348571,0.2773019567356534,-1.0279785490976208,-0.752251424995612
293,0.8710459147751053,0.7461595931990319,0.5850342482318286,0.6016613576403621
294,0.998908809348584,0.99854381532493,1.3039270379840842,1.213600843027122
295,0.8148412706923458,0.633614675759199,0.27958218498720294,0.30899573350868936
296,0.4954866173415106,0.05631577834832163,-1.3144254508584388,-1.6656170665160845
297,0.70411317908837,0.4688444763561358,-0.30180190982103744,-0.15002836196424196
298,0.33334561469035134,0.00014361639758520006,-2.0110740208120097,-2.1061771189301606
299,0.6464955895504363,0.2942208229141883,-0.5928953685327623,-0.694843565218211
300,0.9977183235341195,0.9969503473146948,1.297086601268239,1.2098961254880305
301,0.6886642844426623,0.46984002043917134,-0.3806506460733915,-0.14712105773575096
302,0.5543999890698859,0.11567157161163438,-1.040468825685377,-1.3737049641581698
303,0.48787519011686087,0.19917386751712657,-1.349069633273562,-1.0328184553495927
304,0.4794197814062143,0.0993134157354506,-1.387347239674726,-1.448323440578888
305,0.5655319997911956,0.1386366184595475,-0.9875855351326497,-1.2741203172101476
306,0.6011636627244923,0.20454914246466838,-0.8160269026259972,-1.0125595648122494
307,0.999798271623751,0.9997304873090651,1.3090395684298688,1.216358623167471
308,0.7348169941664527,0.47153068659648767,-0.14340660326155458,-0.14218803954043163
309,0.9820940656493155,0.9760690034965454,1.207560509438452,1.161181372541388
310,0.9991417015359927,0.9988532079332655,1.305265531750854,1.2143199550144788
311,0.47299229406899485,0.03711284446282964,-1.416296428886362,-1.7785845346937212
312,0.979866039770279,0.9609864421911647,1.1948320102591188,1.1257986704306848
313,0.676285217183444,0.5106826509663428,-0.4434134277064786,-0.029396287751882074
314,0.6287950516933687,0.2601627529117966,-0.6806542495128481,-0.8114977836200846
315,0.809790110231467,0.6633987003954361,0.2524620761323005,0.38787729912653635
316,0.9993363255762752,0.9991134165942236,1.3063841669632292,1.2149246980923463
317,0.6845860748917801,0.3718997623745527,-0.40136881016799186,-0.442984346010853
318,0.5237254717174201,0.1719607100147849,-1.1843736695465223,-1.1380613265005333
319,0.8718631761074477,0.7492039032493286,0.5895248273697953,0.6093842894573743
320,0.873772805252987,0.7493727862862889,0.6000230020595131,0.6098124409003246
321,0.7674631181484776,0.541461023888486,0.02741282782971482,0.057443459368323
322,0.7059168641703032,0.5189780143229856,-0.29255878087443793,-0.0058391903162206635
323,0.9938234721616328,0.991735397702122,1.2747258670754338,1.1977591415723106
324,0.4569291475401119,0.08638012021896868,-1.4880770489374728,-1.5099865177132394
325,0.7312295504029139,0.4677114271157421,-0.16202789391775899,-0.15333949663352756
326,0.42381400688377663,0.18121285274590437,-1.633429378248916,-1.1017505927242064
327,0.688911125036359,0.5491371114648165,-0.37939534542389197,0.0788662870963494
328,0.8091700069812853,0.6208263356209052,0.24913651620925234,0.2747839196999548
329,0.45993796099986284,0.1394800165342998,-1.4746939577020848,-1.2705625722354055
330,0.46386448647306144,0.14194830618445436,-1.4571855683754253,-1.2601876202053965
331,0.3890042331564635,0.03026510837288926,-1.7822360370154233,-1.8229580546624449
332,0.5515686978043722,0.10528821068537086,-1.053863687159391,-1.4206671736555287
333,0.6388700602824352,0.27995437978719107,-0.6308008029805955,-0.7431828811422355
334,0.5115984395143208,0.03098024915855596,-1.2405139874502444,-1.8181914809680497
335,0.48809513323362025,0.028180621400113848,-1.3480710195900851,-1.8370506030335494
336,0.9388303887688526,0.8818152298004687,0.9621166659944973,0.9372240096888308
337,0.6409945976246232,0.4105479117350688,-0.6202549049552725,-0.3237144729377265
338,0.7593042748326443,0.5919258666904251,-0.015506364427320457,0.1966719660118044
339,0.7390547289039251,0.47971686310323225,-0.12137130013922943,-0.1183775888441528
340,0.6832183599488433,0.4706930804727272,-0.40830801474532474,-0.14463133342778237
341,0.6790776143621332,0.3598194809412275,-0.42928851962707854,-0.4810223739451237
342,0.4985954295802257,0.0023417200556992146,-1.3002247843474726,-2.064451634393018
343,0.8280093698910174,0.6795210604487205,0.35054255947833407,0.43012889779740426
344,0.950802324921598,0.9030228564430448,1.0296711012215256,0.9882222971791423
345,0.9593519910826708,0.9201454053769608,1.0780863649864803,1.0291333511495189
346,0.5176759335736429,0.26205171578387687,-1.2124332061572747,-0.8049114290267412
347,0.7259511824568181,0.541941512290546,-0.1893716097276955,0.05878711355679609
348,0.6256524355754667,0.2533527391118499,-0.6961511337522883,-0.8353637941595138
349,0.6267106004569519,0.36295100470544445,-0.6909359589354683,-0.47112534083704904
350,0.8794184997357216,0.7632452073605818,0.6311042940384975,0.6448829094949129
351,0.9924117012745114,0.9898656103461719,1.2666278588139628,1.1934028064324549
352,0.8093890073741599,0.6927242921608495,0.25031090057835725,0.4645050334760856
353,0.5783026875022087,0.164758027683215,-0.92649468486761,-1.1667390536145004
354,0.7043630598049945,0.42894694649143433,-0.30052184038268176,-0.2681366468505273
355,0.6935600282676861,0.3897742070920319,-0.3557258835955562,-0.38737936964832936
356,0.9910617815903096,0.9880143048265988,1.258888176747686,1.1890870796771686
357,0.7367393998465853,0.4763804163584535,-0.13341567652466377,-0.12806708663564062
358,0.9721857955523069,0.9627186906074823,1.1510285557986912,1.1298709012800536
359,0.7741954259441924,0.5493093044916362,0.06294108416603421,0.07934581023663152
360,0.791370156479345,0.6054620370317962,0.15403659205557813,0.2333976480289934
361,0.8742445043777137,0.7816039594728181,0.6026173285508067,0.6910004169759258
362,0.5912487821502139,0.1856019778976597,-0.8641100658182838,-1.0847219734843319
363,0.9493258574608198,0.8990752955973378,1.021324582102864,0.9787572038781402
364,0.6334770504080223,0.4036458335245702,-0.6575190800712212,-0.34475674489680885
365,0.7112360087973045,0.42524053547777657,-0.26525518441347273,-0.2792736650470065
366,0.5527679519729028,0.10763730920269576,-1.048192760919926,-1.4099244297896762
367,0.6159786432700874,0.31178152176365087,-0.7436935929185039,-0.6363039759287686
368,0.40625687910088515,0.05982305609978428,-1.7090078038547525,-1.646351056828342
369,0.6063514540699881,0.21412098654848866,-0.7907637711706051,-0.9768777193229348
370,0.99701392896774,0.9959829518232484,1.293040470263288,1.2076461157303917
371,0.6046461166784028,0.31127248835054605,-0.7990761769557491,-0.6379865992527528
372,0.8197509879429257,0.7117723226672583,0.3059959380882915,0.5137519943273189
373,0.7740538051188943,0.5544889030231787,0.06219266158283145,0.09374879832981099
374,0.9039368418330741,0.810857997905787,0.7668441376883937,0.7638167235686563
375,0.8574378632268278,0.719311347650649,0.5104668711150157,0.5331330717482268
376,0.3777327258020163,0.05752469038278191,-1.829506504871134,-1.6589364293843931
377,0.45902545223629165,0.13762791441469685,-1.4787558152216804,-1.2783839850419008
378,0.7088760151976172,0.5328888742239432,-0.2773775423763345,0.03341102143831049
379,0.5602497472557106,0.1242942936163755,-1.0127223135870198,-1.3356689607765087
380,0.8427982551055276,0.6924248745305212,0.43068065940145284,0.4637276725813322
381,0.5845685630947022,0.2650880695889507,-0.8963574390080338,-0.7943543901979189
382,0.7321687798579793,0.4747489519236895,-0.157155547710567,-0.13281254763480432
383,0.6672309209332878,0.4480572718304008,-0.4890810200960256,-0.21116807183445077
384,0.710603335589641,0.43103056301073134,-0.26850627783356734,-0.2618885779748833
385,0.47786491101812495,0.14915180166857106,-1.3943621025502078,-1.2302158667292893
